{
    "parserOptions": {
        "ecmaVersion": 2018,
        "ecmaFeatures": {
          "jsx": true
        },
        "sourceType": "module"
    },
    "env": {
        "es6": true,
        "node": true
    },
    "rules": {
        "array-bracket-newline": "error",
        "array-bracket-spacing": "error",
        "array-element-newline": "error",
        "arrow-body-style": "error",
        "arrow-parens": "error",
        "arrow-spacing": ["error", { "before": true, "after": true }],
        "block-spacing": ["error", "always"],
        "brace-style": ["error", "1tbs"],
        "capitalized-comments": "error",
        "comma-dangle": ["error", {
            "arrays": "never",
            "objects": "never",
            "imports": "never",
            "exports": "never",
            "functions": "never"
        }],
        "comma-spacing": ["error", { "before": false, "after": true }],
        "comma-style": ["error", "last"],
        "computed-property-spacing": "error",
        "curly": ["error", "multi-line"],
        "dot-location": ["error", "property"],
        "dot-notation": "error",
        "eol-last": "error",
        "eqeqeq": ["error", "always", { "null": "ignore" }],
        "func-call-spacing": ["error", "never"],
        "function-paren-newline": "error",
        "generator-star-spacing": ["error", { "before": true, "after": true }],
        "implicit-arrow-linebreak": "error",
        "indent": ["error", 4, {
            "SwitchCase": 1,
            "VariableDeclarator": 1,
            "outerIIFEBody": 1,
            "MemberExpression": 1,
            "FunctionDeclaration": { "parameters": 1, "body": 1 },
            "FunctionExpression": { "parameters": 1, "body": 1 },
            "CallExpression": { "arguments": 1 },
            "ArrayExpression": 1,
            "ObjectExpression": 1,
            "ImportDeclaration": 1,
            "flatTernaryExpressions": false,
            "ignoreComments": false
        }],
        "jsx-quotes": "error",
        "key-spacing": ["error", { "beforeColon": false, "afterColon": true }],
        "keyword-spacing": ["error", { "before": true, "after": true }],
        "linebreak-style": "error",
        "lines-around-comment": "error",
        "lines-between-class-members": "error",
        "multiline-comment-style": "error",
        "new-parens": "error",
        "newline-per-chained-call": "error",
        "no-confusing-arrow": "error",
        "no-else-return": "error",
        "no-extra-bind": "error",
        "no-extra-boolean-cast": "error",
        "no-extra-label": "error",
        "no-extra-parens": ["error", "functions"],
        "no-extra-semi": "error",
        "no-floating-decimal": "error",
        "no-implicit-coercion": "error",
        "no-lonely-if": "error",
        "no-multi-spaces": "error",
        "no-multiple-empty-lines": ["error", { "max": 1, "maxEOF": 0 }],
        "no-regex-spaces": "error",
        "no-trailing-spaces": "error",
        "no-undef-init": "error",
        "no-unneeded-ternary": ["error", { "defaultAssignment": false }],
        "no-unsafe-negation": "error",
        "no-unused-labels": "error",
        "no-useless-computed-key": "error",
        "no-useless-rename": "error",
        "no-useless-return": "error",
        "no-var": "error",
        "no-whitespace-before-property": "error",
        "nonblock-statement-body-position": "error",
        "object-curly-newline": "error",
        "object-curly-spacing": ["error", "always"],
        "object-property-newline": ["error", { "allowMultiplePropertiesPerLine": true }],
        "object-shorthand": "error",
        "one-var-declaration-per-line": "error",
        "one-var": ["error", { "initialized": "never" }],
        "operator-assignment": "error",
        "operator-linebreak": ["error", "after", { "overrides": { "?": "before", ":": "before" } }],
        "padded-blocks": ["error", { "blocks": "never", "switches": "never", "classes": "never" }],
        "padding-line-between-statements": "error",
        "prefer-const": "error",
        "prefer-numeric-literals": "error",
        "prefer-object-spread": "error",
        "prefer-spread": "error",
        "prefer-template": "error",
        "quote-props": "error",
        "quotes": ["error", "single", { "avoidEscape": true, "allowTemplateLiterals": true }],
        "rest-spread-spacing": ["error", "never"],
        "semi-spacing": ["error", { "before": false, "after": true }],
        "semi-style": "error",
        "semi": ["error", "always"],
        "sort-imports": "error",
        "sort-vars": "error",
        "space-before-blocks": ["error", "always"],
        "space-before-function-paren": ["error", "never"],
        "space-in-parens": ["error", "never"],
        "space-infix-ops": "error",
        "space-unary-ops": ["error", { "words": true, "nonwords": false }],
        "spaced-comment": ["error", "always", {
            "line": { "markers": ["*package", "!", "/", ",", "="] },
            "block": { "balanced": true, "markers": ["*package", "!", ",", ":", "::", "flow-include"], "exceptions": ["*"] }
        }],
        "strict": "error",
        "switch-colon-spacing": "error",
        "template-curly-spacing": ["error", "never"],
        "template-tag-spacing": ["error", "never"],
        "unicode-bom": ["error", "never"],
        "valid-jsdoc": "error",
        "wrap-iife": ["error", "any", { "functionPrototypeMethods": true }],
        "wrap-regex": "error",
        "yield-star-spacing": ["error", "both"],
        "yoda": ["error", "never"]
    }
}
